Address;Status geocode;Formatted address;Latitude;Longitude;Type;Location Type;Street number;Street;Postal code;City;Country;Region;Department;Department number
17017339;Ok;Jardim America, Bauru - State of São Paulo, 17017-339, Brazil;-22.3460951;-49.0560741;postal_code;APPROXIMATE;;;17017-339;;Brazil;São Paulo;Bauru;Bauru
17063560;Ok;R. Antônio Alves de Souza - Jardim Vania Maria, Bauru - SP, 17063-560, Brazil;-22.3067747;-49.0991596;postal_code;APPROXIMATE;;Rua Antônio Alves de Souza;17063-560;;Brazil;São Paulo;Bauru;Bauru
17010001;Ok;R. Batista de Carvalho - Centro, Bauru - SP, 17010-001, Brazil;-22.3223108;-49.0711361;postal_code;APPROXIMATE;;Rua Batista de Carvalho;17010-001;;Brazil;São Paulo;Bauru;Bauru
17065208;Ok;R. Segundo Srg. José Mendes Leal - Jardim Nova Esperanca, Bauru - SP, 17065-208, Brazil;-22.3128686;-49.119843;postal_code;APPROXIMATE;;Rua Segundo Sargento José Mendes Leal;17065-208;;Brazil;São Paulo;Bauru;Bauru
17017383;Ok;Parque Jardim Europa, Bauru - State of São Paulo, 17017-383, Brazil;-22.3478221;-49.0543185;postal_code;APPROXIMATE;;;17017-383;;Brazil;São Paulo;Bauru;Bauru
17048290;Ok;R. Luís Levorato - Jardim Marabá, Bauru - SP, 17048-290, Brazil;-22.3653124;-49.0122437;postal_code;APPROXIMATE;;Rua Luís Levorato;17048-290;;Brazil;São Paulo;Bauru;Bauru
17012191;Ok;Vila Nova Cidade Universitaria, Bauru - State of São Paulo, 17012-191, Brazil;-22.3348158;-49.0610352;postal_code;APPROXIMATE;;;17012-191;;Brazil;São Paulo;Bauru;Bauru
17030671;Ok;Av. Orlando Ranieri - Jardim Marambá, Bauru - SP, 17030-671, Brazil;-22.3247601;-49.0452166;postal_code;APPROXIMATE;;Avenida Orlando Ranieri;17030-671;;Brazil;São Paulo;Bauru;Bauru
17050000;Ok;Rua Campos Salles - Vila Falcao, Bauru - SP, 17050-000, Brazil;-22.3251919;-49.0908103;postal_code;APPROXIMATE;;Rua Campos Salles;17050-000;;Brazil;São Paulo;Bauru;Bauru
17060570;Ok;R. Eugênio Borro - Vila Becheli, Bauru - SP, 17060-570, Brazil;-22.3146726;-49.0912858;postal_code;APPROXIMATE;;Rua Eugênio Borro;17060-570;;Brazil;São Paulo;Bauru;Bauru
17015130;Ok;R. Monsenhor Claro - Centro, Bauru - SP, 17015-130, Brazil;-22.3298159;-49.0763447;postal_code;APPROXIMATE;;Rua Monsenhor Claro;17015-130;;Brazil;São Paulo;Bauru;Bauru
17026882;Ok;Av. José Silvestri - Jardim Silvestre, Bauru - SP, 17026-882, Brazil;-22.2952969;-49.0497395;postal_code;APPROXIMATE;;Avenida José Silvestri;17026-882;;Brazil;São Paulo;Bauru;Bauru
17015200;Ok;R. Gérson França - Centro, Bauru - SP, 17015-200, Brazil;-22.3278151;-49.0758662;postal_code;APPROXIMATE;;Rua Gérson França;17015-200;;Brazil;São Paulo;Bauru;Bauru
17039520;Ok;R. Rio Taquarussu - Vila Aimores, Bauru - SP, 17039-520, Brazil;-22.3114363;-48.9954417;postal_code;APPROXIMATE;;Rua Rio Taquarussu;17039-520;;Brazil;São Paulo;Bauru;Bauru
17014039;Ok;R. Júlio Maringoni - Vila America, Bauru - SP, 17014-039, Brazil;-22.3362503;-49.0713299;postal_code;APPROXIMATE;;Rua Júlio Maringoni;17014-039;;Brazil;São Paulo;Bauru;Bauru
17018520;Ok;Av. Affonso José Aiello - Vila Aviação, Bauru - SP, 17018-520, Brazil;-22.366813;-49.0566324;postal_code;APPROXIMATE;;Avenida Affonso José Aiello;17018-520;;Brazil;São Paulo;Bauru;Bauru
17018580;Ok;Av. Odilon Braga - Vila Aviação, Bauru - SP, 17018-580, Brazil;-22.3494;-49.0508406;postal_code;APPROXIMATE;;Avenida Odilon Braga;17018-580;;Brazil;São Paulo;Bauru;Bauru
17053460;Ok;R. Alcides Concuruto - Estância Balneária Águas Virtuosas, Bauru - SP, 17053-460, Brazil;-22.3969496;-49.0961593;postal_code;APPROXIMATE;;Rua Alcides Concuruto;17053-460;;Brazil;São Paulo;Bauru;Bauru
17017383;Ok;Parque Jardim Europa, Bauru - State of São Paulo, 17017-383, Brazil;-22.3478221;-49.0543185;postal_code;APPROXIMATE;;;17017-383;;Brazil;São Paulo;Bauru;Bauru
17011066;Ok;Av. Duque de Caxias - Vila Cardia, Bauru - SP, 17011-066, Brazil;-22.3261773;-49.0575081;postal_code;APPROXIMATE;;Avenida Duque de Caxias;17011-066;;Brazil;São Paulo;Bauru;Bauru
17012202;Ok;Av. Nações Unidas - Vila Nova Cidade Universitaria, Bauru - SP, 17012-202, Brazil;-22.3327939;-49.05584;postal_code;APPROXIMATE;;Avenida Nações Unidas;17012-202;;Brazil;São Paulo;Bauru;Bauru
17057270;Ok;R. Alceu Engler de Almeida - Conj. Hab. Pres. Eurico Gaspar Dutra, Bauru - SP, 17057-270, Brazil;-22.3243836;-49.1223783;postal_code;APPROXIMATE;;Rua Alceu Engler de Almeida;17057-270;;Brazil;São Paulo;Bauru;Bauru
17018750;Ok;Bauru, State of São Paulo, 17018-750, Brazil;-22.3534552;-49.0522772;postal_code;APPROXIMATE;;;17018-750;;Brazil;State of São Paulo;Bauru;Bauru
17011066;Ok;Av. Duque de Caxias - Vila Cardia, Bauru - SP, 17011-066, Brazil;-22.3261773;-49.0575081;postal_code;APPROXIMATE;;Avenida Duque de Caxias;17011-066;;Brazil;São Paulo;Bauru;Bauru
17033660;Ok;Nucleo Hab. Pres. Geisel, Bauru - SP, 17033-660, Brazil;-22.3311996;-49.0294025;postal_code;APPROXIMATE;;;17033-660;;Brazil;São Paulo;Bauru;Bauru
17015450;Ok;R. São Gonçalo - Centro, Bauru - SP, 17015-450, Brazil;-22.3266926;-49.0635469;postal_code;APPROXIMATE;;Rua São Gonçalo;17015-450;;Brazil;São Paulo;Bauru;Bauru
17012060;Ok;Vila Guedes de Azevedo, Bauru - State of São Paulo, 17012-060, Brazil;-22.3338503;-49.0666378;postal_code;APPROXIMATE;;;17012-060;;Brazil;São Paulo;Bauru;Bauru
17015130;Ok;R. Monsenhor Claro - Centro, Bauru - SP, 17015-130, Brazil;-22.3298159;-49.0763447;postal_code;APPROXIMATE;;Rua Monsenhor Claro;17015-130;;Brazil;São Paulo;Bauru;Bauru
17014440;Ok;Bauru, State of São Paulo, 17014-440, Brazil;-22.3289953;-49.0732669;postal_code;APPROXIMATE;;;17014-440;;Brazil;State of São Paulo;Bauru;Bauru
17017250;Ok;R. Prof. Alberto Brandão de Rezende - Jardim Amalia, Bauru - SP, 17017-250, Brazil;-22.343336;-49.0629383;postal_code;APPROXIMATE;;Rua Professor Alberto Brandão de Rezende;17017-250;;Brazil;São Paulo;Bauru;Bauru
17054210;Ok;Bauru, State of São Paulo, 17054-210, Brazil;-22.3428649;-49.0894485;postal_code;APPROXIMATE;;;17054-210;;Brazil;State of São Paulo;Bauru;Bauru
17060400;Ok;R. Padre Anchieta - Vila São João da Boa Vista, Bauru - SP, 17060-400, Brazil;-22.3186142;-49.0823135;postal_code;APPROXIMATE;;Rua Padre Anchieta;17060-400;;Brazil;São Paulo;Bauru;Bauru
17053342;Ok;Av. José V. Aiello - Vila Serrao, Bauru - SP, 17053-342, Brazil;-22.3659075;-49.0663562;postal_code;APPROXIMATE;;Avenida José Vicente Aiello;17053-342;;Brazil;São Paulo;Bauru;Bauru
17010240;Ok;R. Virgílio Malta - Centro, Bauru - SP, 17010-240, Brazil;-22.325098;-49.0745456;postal_code;APPROXIMATE;;Rua Virgílio Malta;17010-240;;Brazil;São Paulo;Bauru;Bauru
17055040;Ok;Av. Antônio Requena Nevado - Vila Alto Paraiso, Bauru - SP, 17055-040, Brazil;-22.3361991;-49.1059505;postal_code;APPROXIMATE;;Avenida Antônio Requena Nevado;17055-040;;Brazil;São Paulo;Bauru;Bauru
17015210;Ok;R. Azarias Leite - Centro, Bauru - SP, 17015-210, Brazil;-22.3293561;-49.0743843;postal_code;APPROXIMATE;;Rua Azarias Leite;17015-210;;Brazil;São Paulo;Bauru;Bauru
17052000;Ok;Vila Independencia, Bauru - State of São Paulo, 17052-000, Brazil;-22.3321663;-49.086336;postal_code;APPROXIMATE;;;17052-000;;Brazil;São Paulo;Bauru;Bauru
17033360;Ok;Av. Eng. Luís Edmundo Carrijo Coube - Nucleo Res. Pres. Geisel, Bauru - SP, 17033-360, Brazil;-22.3477447;-49.0323205;postal_code;APPROXIMATE;;Avenida Engenheiro Luís Edmundo Carrijo Coube;17033-360;;Brazil;São Paulo;Bauru;Bauru
17021270;Ok;Alameda Flôr do Amor - Parque Novo Sao Geraldo, Bauru - SP, 17021-270, Brazil;-22.29928;-49.0743911;postal_code;APPROXIMATE;;Alameda Flôr do Amor;17021-270;;Brazil;São Paulo;Bauru;Bauru
17020030;Ok;R. Floresta - Parque Vista Alegre, Bauru - SP, 17020-030, Brazil;-22.3059666;-49.0701954;postal_code;APPROXIMATE;;Rua Floresta;17020-030;;Brazil;São Paulo;Bauru;Bauru
17052000;Ok;Vila Independencia, Bauru - State of São Paulo, 17052-000, Brazil;-22.3321663;-49.086336;postal_code;APPROXIMATE;;;17052-000;;Brazil;São Paulo;Bauru;Bauru
17011120;Ok;R. Ponciano Ferreira de Menezes - Jardim Panorama, Bauru - SP, 17011-120, Brazil;-22.3330595;-49.0512042;postal_code;APPROXIMATE;;Rua Ponciano Ferreira de Menezes;17011-120;;Brazil;São Paulo;Bauru;Bauru
17063560;Ok;R. Antônio Alves de Souza - Jardim Vania Maria, Bauru - SP, 17063-560, Brazil;-22.3067747;-49.0991596;postal_code;APPROXIMATE;;Rua Antônio Alves de Souza;17063-560;;Brazil;São Paulo;Bauru;Bauru
17015360;Ok;R. Prof. José Ranieri - Centro, Bauru - SP, 17015-360, Brazil;-22.3252171;-49.0659871;postal_code;APPROXIMATE;;Rua Professor José Ranieri;17015-360;;Brazil;São Paulo;Bauru;Bauru
17017000;Ok;Vila Guedes de Azevedo, Bauru - State of São Paulo, 17017-000, Brazil;-22.3370587;-49.0666378;postal_code;APPROXIMATE;;;17017-000;;Brazil;São Paulo;Bauru;Bauru
17010280;Ok;Bauru, State of São Paulo, 17010-280, Brazil;-22.3241168;-49.0783183;postal_code;APPROXIMATE;;;17010-280;;Brazil;State of São Paulo;Bauru;Bauru
17033070;Ok;R. das Macieiras - Nucleo Res. Pres. Geisel, Bauru - SP, 17033-070, Brazil;-22.3341915;-49.0365313;postal_code;APPROXIMATE;;Rua das Macieiras;17033-070;;Brazil;São Paulo;Bauru;Bauru
17014300;Ok;R. Rubens Arruda - Jardim Estoril, Bauru - SP, 17014-300, Brazil;-22.340003;-49.0748988;postal_code;APPROXIMATE;;Rua Rubens Arruda;17014-300;;Brazil;São Paulo;Bauru;Bauru
17015230;Ok;Praça Dom Pedro II - Centro, Bauru - SP, 17015-230, Brazil;-22.324495;-49.076371;postal_code;APPROXIMATE;;Praça Dom Pedro II;17015-230;;Brazil;São Paulo;Bauru;Bauru
17057281;Ok;Alameda Bauru - Conj. Hab. Pres. Eurico Gaspar Dutra, Bauru - SP, 17057-281, Brazil;-22.3262754;-49.1240796;postal_code;APPROXIMATE;;Alameda Bauru;17057-281;;Brazil;São Paulo;Bauru;Bauru
17010001;Ok;R. Batista de Carvalho - Centro, Bauru - SP, 17010-001, Brazil;-22.3223108;-49.0711361;postal_code;APPROXIMATE;;Rua Batista de Carvalho;17010-001;;Brazil;São Paulo;Bauru;Bauru
17012200;Ok;R. José Ferreira Marques - Vila Nova Cidade Universitaria, Bauru - SP, 17012-200, Brazil;-22.3380892;-49.0544863;postal_code;APPROXIMATE;;Rua José Ferreira Marques;17012-200;;Brazil;São Paulo;Bauru;Bauru
17054600;Ok;R. Chiyo Otake - Jardim Jandira, Bauru - SP, 17054-600, Brazil;-22.3449922;-49.0836044;postal_code;APPROXIMATE;;Rua Chiyo Otake;17054-600;;Brazil;São Paulo;Bauru;Bauru
17016230;Ok;R. Luso-Brasileira - Jardim Estoril IV, Bauru - SP, 17016-230, Brazil;-22.3391527;-49.0674774;postal_code;APPROXIMATE;;Rua Luso-Brasileira;17016-230;;Brazil;São Paulo;Bauru;Bauru
17020490;Ok;Alameda dos Heliotrópos - Madureira, Bauru - SP, 17020-490, Brazil;-22.3070243;-49.0631548;postal_code;APPROXIMATE;;Alameda dos Heliotrópos;17020-490;;Brazil;São Paulo;Bauru;Bauru
17018711;Ok;Av. Getúlio Vargas - Vila Aviação, Bauru - SP, 17018-711, Brazil;-22.356209;-49.0475783;postal_code;APPROXIMATE;;Avenida Getúlio Vargas;17018-711;;Brazil;São Paulo;Bauru;Bauru
17012191;Ok;Vila Nova Cidade Universitaria, Bauru - State of São Paulo, 17012-191, Brazil;-22.3348158;-49.0610352;postal_code;APPROXIMATE;;;17012-191;;Brazil;São Paulo;Bauru;Bauru
17017000;Ok;Vila Guedes de Azevedo, Bauru - State of São Paulo, 17017-000, Brazil;-22.3370587;-49.0666378;postal_code;APPROXIMATE;;;17017-000;;Brazil;São Paulo;Bauru;Bauru
17013231;Ok;Bauru, State of São Paulo, 17013-231, Brazil;-22.3151361;-49.0552358;postal_code;APPROXIMATE;;;17013-231;;Brazil;State of São Paulo;Bauru;Bauru
17013411;Ok;Av. Aureliano Cardia - Vila Cardia, Bauru - SP, 17013-411, Brazil;-22.320151;-49.0552753;postal_code;APPROXIMATE;;Avenida Aureliano Cardia;17013-411;;Brazil;São Paulo;Bauru;Bauru
17026000;Ok;Av. Dr. Marcos de Paula Raphael - Núcleo Habitacional Mary Dota, Bauru - SP, 17026-000, Brazil;-22.2959023;-49.044625;postal_code;APPROXIMATE;;Avenida Doutor Marcos de Paula Raphael;17026-000;;Brazil;São Paulo;Bauru;Bauru
17030520;Ok;Av. Duque de Caxias - Parque Paulistano, Bauru - SP, 17030-520, Brazil;-22.3272734;-49.0613508;postal_code;APPROXIMATE;;Avenida Duque de Caxias;17030-520;;Brazil;São Paulo;Bauru;Bauru
17051350;Ok;Vila Rocha, Bauru - State of São Paulo, 17051-350, Brazil;-22.3361717;-49.1018443;postal_code;APPROXIMATE;;;17051-350;;Brazil;São Paulo;Bauru;Bauru
17031700;Ok;Parque Bauru, Bauru - SP, 17031-700, Brazil;-22.3256504;-49.0207283;postal_code;APPROXIMATE;;;17031-700;;Brazil;São Paulo;Bauru;Bauru
17012205;Ok;R. Henrique Savi - Vila Nova Cidade Universitaria, Bauru - SP, 17012-205, Brazil;-22.3374308;-49.0538947;postal_code;APPROXIMATE;;Rua Henrique Savi;17012-205;;Brazil;São Paulo;Bauru;Bauru
17024230;Ok;R. José Maurício de Almeida - Novo Jardim Pagani, Bauru - SP, 17024-230, Brazil;-22.292445;-49.0696191;postal_code;APPROXIMATE;;Rua José Maurício de Almeida;17024-230;;Brazil;São Paulo;Bauru;Bauru
17033835;Ok;R. Izolino Marquês - Jardim Sambura, Bauru - SP, 17033-835, Brazil;-22.3375061;-49.0360731;postal_code;APPROXIMATE;;Rua Izolino Marquês;17033-835;;Brazil;São Paulo;Bauru;Bauru
17010000;Ok;R. Batista de Carvalho - Centro, Bauru - SP, 17010-000, Brazil;-22.3227925;-49.0730045;postal_code;APPROXIMATE;;Rua Batista de Carvalho;17010-000;;Brazil;São Paulo;Bauru;Bauru
17012350;Ok;R. João Abo Arrage - Vila Guedes de Azevedo, Bauru - SP, 17012-350, Brazil;-22.3362791;-49.0630219;postal_code;APPROXIMATE;;Rua João Abo Arrage;17012-350;;Brazil;São Paulo;Bauru;Bauru
17024820;Ok;R. Investigador Valdemir Nunes Medeiros - Núcleo Eldorado, Bauru - SP, 17024-820, Brazil;-22.3030216;-49.0555221;postal_code;APPROXIMATE;;Rua Investigador Valdemir Nunes Medeiros;17024-820;;Brazil;São Paulo;Bauru;Bauru
17032650;Ok;R. Osório Volpato - Jardim Olimpico, Bauru - SP, 17032-650, Brazil;-22.3270071;-49.0304277;postal_code;APPROXIMATE;;Rua Osório Volpato;17032-650;;Brazil;São Paulo;Bauru;Bauru
17011050;Ok;R. Vinte e Nove de Outubro - Vila Brunhari, Bauru - SP, 17011-050, Brazil;-22.3316521;-49.0556698;postal_code;APPROXIMATE;;Rua Vinte e Nove de Outubro;17011-050;;Brazil;São Paulo;Bauru;Bauru
17064864;Ok;R. Iracema Cândida Posca - Distrito Industrial Claudio Guedes Misquiati, Bauru - SP, 17064-864, Brazil;-22.2905826;-49.102316;postal_code;APPROXIMATE;;Rua Iracema Cândida Posca;17064-864;;Brazil;São Paulo;Bauru;Bauru
17014037;Ok;Bauru, State of São Paulo, 17014-037, Brazil;-22.3360125;-49.0684681;postal_code;APPROXIMATE;;;17014-037;;Brazil;State of São Paulo;Bauru;Bauru
17047020;Ok;R. Padre Francisco Van Der Maas - Vila Engler, Bauru - SP, 17047-020, Brazil;-22.3351406;-49.0459232;postal_code;APPROXIMATE;;Rua Padre Francisco Van Der Maas;17047-020;;Brazil;São Paulo;Bauru;Bauru
17063070;Ok;R. Prof. José Torres Brito - Vila Lemos, Bauru - SP, 17063-070, Brazil;-22.3108911;-49.0885801;postal_code;APPROXIMATE;;Rua Professor José Torres Brito;17063-070;;Brazil;São Paulo;Bauru;Bauru
17015031;Ok;R. Sete de Setembro - Centro, Bauru - SP, 17015-031, Brazil;-22.3265899;-49.0746405;postal_code;APPROXIMATE;;Rua Sete de Setembro;17015-031;;Brazil;São Paulo;Bauru;Bauru
17014037;Ok;Bauru, State of São Paulo, 17014-037, Brazil;-22.3360125;-49.0684681;postal_code;APPROXIMATE;;;17014-037;;Brazil;State of São Paulo;Bauru;Bauru
17065330;Ok;Alameda Cerquilho - Jardim Eldorado, Bauru - SP, 17065-330, Brazil;-22.3101945;-49.1251509;postal_code;APPROXIMATE;;Alameda Cerquilho;17065-330;;Brazil;São Paulo;Bauru;Bauru
17060350;Ok;R. José Bonifácio - Vila São João da Boa Vista, Bauru - SP, 17060-350, Brazil;-22.3158367;-49.0804327;postal_code;APPROXIMATE;;Rua José Bonifácio;17060-350;;Brazil;São Paulo;Bauru;Bauru
17012191;Ok;Vila Nova Cidade Universitaria, Bauru - State of São Paulo, 17012-191, Brazil;-22.3348158;-49.0610352;postal_code;APPROXIMATE;;;17012-191;;Brazil;São Paulo;Bauru;Bauru
17010000;Ok;R. Batista de Carvalho - Centro, Bauru - SP, 17010-000, Brazil;-22.3227925;-49.0730045;postal_code;APPROXIMATE;;Rua Batista de Carvalho;17010-000;;Brazil;São Paulo;Bauru;Bauru
17015000;Ok;Bauru, State of São Paulo, 17015-000, Brazil;-22.3084629;-49.0024379;postal_code;APPROXIMATE;;;17015-000;;Brazil;São Paulo;Bauru;Bauru
17053460;Ok;R. Alcides Concuruto - Estância Balneária Águas Virtuosas, Bauru - SP, 17053-460, Brazil;-22.3969496;-49.0961593;postal_code;APPROXIMATE;;Rua Alcides Concuruto;17053-460;;Brazil;São Paulo;Bauru;Bauru
17012450;Ok;Vila Universitaria, Bauru - State of São Paulo, 17012-450, Brazil;-22.3410898;-49.0548199;postal_code;APPROXIMATE;;;17012-450;;Brazil;São Paulo;Bauru;Bauru
17015360;Ok;R. Prof. José Ranieri - Centro, Bauru - SP, 17015-360, Brazil;-22.3252171;-49.0659871;postal_code;APPROXIMATE;;Rua Professor José Ranieri;17015-360;;Brazil;São Paulo;Bauru;Bauru
17022200;Ok;R. dos Lavradores - Nucleo Res. Edison Bastos Gasparini, Bauru - SP, 17022-200, Brazil;-22.2810179;-49.0854133;postal_code;APPROXIMATE;;Rua dos Lavradores;17022-200;;Brazil;São Paulo;Bauru;Bauru
17018520;Ok;Av. Affonso José Aiello - Vila Aviação, Bauru - SP, 17018-520, Brazil;-22.366813;-49.0566324;postal_code;APPROXIMATE;;Avenida Affonso José Aiello;17018-520;;Brazil;São Paulo;Bauru;Bauru
17010150;Ok;Rua Engenheiro Saint Martin - Centro, Bauru - SP, 17010-150, Brazil;-22.3283434;-49.0661245;postal_code;APPROXIMATE;;Rua Engenheiro Saint Martin;17010-150;;Brazil;São Paulo;Bauru;Bauru
17010160;Ok;Bauru, State of São Paulo, 17010-160, Brazil;-22.3128317;-49.0714912;postal_code;APPROXIMATE;;;17010-160;;Brazil;State of São Paulo;Bauru;Bauru
17047144;Ok;Jardim Marambá, Bauru - SP, 17047-144, Brazil;-22.3330147;-49.0448617;postal_code;APPROXIMATE;;;17047-144;;Brazil;São Paulo;Bauru;Bauru
17054300;Ok;Rua Luiz Gama - Vila Independencia, Bauru - SP, 17054-300, Brazil;-22.3393104;-49.0888169;postal_code;APPROXIMATE;;Rua Luiz Gama;17054-300;;Brazil;São Paulo;Bauru;Bauru
17056140;Ok;Vila São João do Ipiranga, Bauru - State of São Paulo, 17056-140, Brazil;-22.3526472;-49.1007389;postal_code;APPROXIMATE;;;17056-140;;Brazil;São Paulo;Bauru;Bauru
17022340;Ok;R. dos Motoristas - Nucleo Res. Edison Bastos Gasparini, Bauru - SP, 17022-340, Brazil;-22.2771436;-49.0848194;postal_code;APPROXIMATE;;Rua dos Motoristas;17022-340;;Brazil;São Paulo;Bauru;Bauru
17048290;Ok;R. Luís Levorato - Jardim Marabá, Bauru - SP, 17048-290, Brazil;-22.3653124;-49.0122437;postal_code;APPROXIMATE;;Rua Luís Levorato;17048-290;;Brazil;São Paulo;Bauru;Bauru
17012440;Ok;Vila Universitaria, Bauru - State of São Paulo, 17012-440, Brazil;-22.3402278;-49.0552857;postal_code;APPROXIMATE;;;17012-440;;Brazil;São Paulo;Bauru;Bauru
17024270;Ok;R. Maestro Oscár Mendes - Novo Jardim Pagani, Bauru - SP, 17024-270, Brazil;-22.2958173;-49.0675156;postal_code;APPROXIMATE;;Rua Maestro Oscár Mendes;17024-270;;Brazil;São Paulo;Bauru;Bauru
17017339;Ok;Jardim America, Bauru - State of São Paulo, 17017-339, Brazil;-22.3460951;-49.0560741;postal_code;APPROXIMATE;;;17017-339;;Brazil;São Paulo;Bauru;Bauru
17056140;Ok;Vila São João do Ipiranga, Bauru - State of São Paulo, 17056-140, Brazil;-22.3526472;-49.1007389;postal_code;APPROXIMATE;;;17056-140;;Brazil;São Paulo;Bauru;Bauru
17021270;Ok;Alameda Flôr do Amor - Parque Novo Sao Geraldo, Bauru - SP, 17021-270, Brazil;-22.29928;-49.0743911;postal_code;APPROXIMATE;;Alameda Flôr do Amor;17021-270;;Brazil;São Paulo;Bauru;Bauru
17039520;Ok;R. Rio Taquarussu - Vila Aimores, Bauru - SP, 17039-520, Brazil;-22.3114363;-48.9954417;postal_code;APPROXIMATE;;Rua Rio Taquarussu;17039-520;;Brazil;São Paulo;Bauru;Bauru
17010001;Ok;R. Batista de Carvalho - Centro, Bauru - SP, 17010-001, Brazil;-22.3223108;-49.0711361;postal_code;APPROXIMATE;;Rua Batista de Carvalho;17010-001;;Brazil;São Paulo;Bauru;Bauru
17047202;Ok;Av. Etelvina de Souza Majone - Reserva Belas Nações, Bauru - SP, 17047-202, Brazil;-22.3391932;-49.0387987;postal_code;APPROXIMATE;;Avenida Etelvina de Souza Majone;17047-202;;Brazil;São Paulo;Bauru;Bauru
17067450;Ok;Alameda Dante - Parque Santa Edwiges, Bauru - SP, 17067-450, Brazil;-22.3036889;-49.1066438;postal_code;APPROXIMATE;;Alameda Dante;17067-450;;Brazil;São Paulo;Bauru;Bauru
17015230;Ok;Praça Dom Pedro II - Centro, Bauru - SP, 17015-230, Brazil;-22.324495;-49.076371;postal_code;APPROXIMATE;;Praça Dom Pedro II;17015-230;;Brazil;São Paulo;Bauru;Bauru
17010010;Ok;R. Primeiro de Agosto - Centro, Bauru - SP, 17010-010, Brazil;-22.3215864;-49.0717674;postal_code;APPROXIMATE;;Rua Primeiro de Agosto;17010-010;;Brazil;São Paulo;Bauru;Bauru
17010180;Ok;R. Gustavo Maciel - Centro, Bauru - SP, 17010-180, Brazil;-22.3175029;-49.0722804;postal_code;APPROXIMATE;;Rua Gustavo Maciel;17010-180;;Brazil;São Paulo;Bauru;Bauru
17010001;Ok;R. Batista de Carvalho - Centro, Bauru - SP, 17010-001, Brazil;-22.3223108;-49.0711361;postal_code;APPROXIMATE;;Rua Batista de Carvalho;17010-001;;Brazil;São Paulo;Bauru;Bauru
17018620;Ok;R. José Ruíz Pelegrina - Vila Aviação, Bauru - SP, 17018-620, Brazil;-22.3537321;-49.0451772;postal_code;APPROXIMATE;;Rua José Ruíz Pelegrina;17018-620;;Brazil;São Paulo;Bauru;Bauru
17015301;Ok;R. Agenor Meira - Centro, Bauru - SP, 17015-301, Brazil;-22.3237392;-49.0727666;postal_code;APPROXIMATE;;Rua Agenor Meira;17015-301;;Brazil;São Paulo;Bauru;Bauru
17067150;Ok;R. Maj. Guilherme Gonçalves - Jardim Rosa Branca, Bauru - SP, 17067-150, Brazil;-22.3172886;-49.102356;postal_code;APPROXIMATE;;Rua Major Guilherme Gonçalves;17067-150;;Brazil;São Paulo;Bauru;Bauru
17018520;Ok;Av. Affonso José Aiello - Vila Aviação, Bauru - SP, 17018-520, Brazil;-22.366813;-49.0566324;postal_code;APPROXIMATE;;Avenida Affonso José Aiello;17018-520;;Brazil;São Paulo;Bauru;Bauru
17011066;Ok;Av. Duque de Caxias - Vila Cardia, Bauru - SP, 17011-066, Brazil;-22.3261773;-49.0575081;postal_code;APPROXIMATE;;Avenida Duque de Caxias;17011-066;;Brazil;São Paulo;Bauru;Bauru
17010001;Ok;R. Batista de Carvalho - Centro, Bauru - SP, 17010-001, Brazil;-22.3223108;-49.0711361;postal_code;APPROXIMATE;;Rua Batista de Carvalho;17010-001;;Brazil;São Paulo;Bauru;Bauru
17012191;Ok;Vila Nova Cidade Universitaria, Bauru - State of São Paulo, 17012-191, Brazil;-22.3348158;-49.0610352;postal_code;APPROXIMATE;;;17012-191;;Brazil;São Paulo;Bauru;Bauru
17017000;Ok;Vila Guedes de Azevedo, Bauru - State of São Paulo, 17017-000, Brazil;-22.3370587;-49.0666378;postal_code;APPROXIMATE;;;17017-000;;Brazil;São Paulo;Bauru;Bauru
17017050;Ok;R. Dr. Armando Pieroni - Vila Riachuelo, Bauru - SP, 17017-050, Brazil;-22.3475383;-49.0624963;postal_code;APPROXIMATE;;Rua Doutor Armando Pieroni;17017-050;;Brazil;São Paulo;Bauru;Bauru
17060055;Ok;Vila Seabra, Bauru - SP, 17060-055, Brazil;-22.3153429;-49.075316;postal_code;APPROXIMATE;;;17060-055;;Brazil;São Paulo;Bauru;Bauru
17064000;Ok;Vila Seabra, Bauru - State of São Paulo, 17064-000, Brazil;-22.3123188;-49.0716885;postal_code;APPROXIMATE;;;17064-000;;Brazil;São Paulo;Bauru;Bauru
17012110;Ok;Bauru, State of São Paulo, 17012-110, Brazil;-22.3338401;-49.0679005;postal_code;APPROXIMATE;;;17012-110;;Brazil;State of São Paulo;Bauru;Bauru
17012432;Ok;Bauru, State of São Paulo, 17012-432, Brazil;-22.3290094;-49.0667956;postal_code;APPROXIMATE;;;17012-432;;Brazil;State of São Paulo;Bauru;Bauru
17012202;Ok;Av. Nações Unidas - Vila Nova Cidade Universitaria, Bauru - SP, 17012-202, Brazil;-22.3327939;-49.05584;postal_code;APPROXIMATE;;Avenida Nações Unidas;17012-202;;Brazil;São Paulo;Bauru;Bauru
17017383;Ok;Parque Jardim Europa, Bauru - State of São Paulo, 17017-383, Brazil;-22.3478221;-49.0543185;postal_code;APPROXIMATE;;;17017-383;;Brazil;São Paulo;Bauru;Bauru
17010020;Ok;R. Ezequiel Ramos - Centro, Bauru - SP, 17010-020, Brazil;-22.3206992;-49.0725598;postal_code;APPROXIMATE;;Rua Ezequiel Ramos;17010-020;;Brazil;São Paulo;Bauru;Bauru
17017337;Ok;Parque Jardim Europa, Bauru - State of São Paulo, 17017-337, Brazil;-22.3493903;-49.0571436;postal_code;APPROXIMATE;;;17017-337;;Brazil;São Paulo;Bauru;Bauru
17051000;Ok;R. Bernardino de Campos - Vila Souto, Bauru - SP, 17051-000, Brazil;-22.3328344;-49.0923171;postal_code;APPROXIMATE;;Rua Bernardino de Campos;17051-000;;Brazil;São Paulo;Bauru;Bauru
17020050;Ok;Alameda Dama da Noite - Parque Vista Alegre, Bauru - SP, 17020-050, Brazil;-22.3107893;-49.0684212;postal_code;APPROXIMATE;;Alameda Dama da Noite;17020-050;;Brazil;São Paulo;Bauru;Bauru
17025080;Ok;R. Dormevil Forastieri - Parque Res. Jardim Araruna, Bauru - SP, 17025-080, Brazil;-22.3035583;-49.0594505;postal_code;APPROXIMATE;;Rua Dormevil Forastieri;17025-080;;Brazil;São Paulo;Bauru;Bauru
17064460;Ok;Parque Roosevelt, Bauru - SP, 17064-460, Brazil;-22.3009847;-49.0982121;postal_code;APPROXIMATE;;;17064-460;;Brazil;São Paulo;Bauru;Bauru
17018520;Ok;Av. Affonso José Aiello - Vila Aviação, Bauru - SP, 17018-520, Brazil;-22.366813;-49.0566324;postal_code;APPROXIMATE;;Avenida Affonso José Aiello;17018-520;;Brazil;São Paulo;Bauru;Bauru
17013690;Ok;R. Minas Gerais - Vila Cardia, Bauru - SP, 17013-690, Brazil;-22.3241007;-49.0555978;postal_code;APPROXIMATE;;Rua Minas Gerais;17013-690;;Brazil;São Paulo;Bauru;Bauru
17012432;Ok;Bauru, State of São Paulo, 17012-432, Brazil;-22.3290094;-49.0667956;postal_code;APPROXIMATE;;;17012-432;;Brazil;State of São Paulo;Bauru;Bauru
17052620;Ok;R. Nícola Constantino - Vila Popular, Bauru - SP, 17052-620, Brazil;-22.3470937;-49.0961676;postal_code;APPROXIMATE;;Rua Nícola Constantino;17052-620;;Brazil;São Paulo;Bauru;Bauru
17030673;Ok;Praça Antônio Anacleto Chaves - Jardim Marambá, Bauru - SP, 17030-673, Brazil;-22.3242919;-49.0453658;postal_code;APPROXIMATE;;Praça Antônio Anacleto Chaves;17030-673;;Brazil;São Paulo;Bauru;Bauru
17050000;Ok;Rua Campos Salles - Vila Falcao, Bauru - SP, 17050-000, Brazil;-22.3251919;-49.0908103;postal_code;APPROXIMATE;;Rua Campos Salles;17050-000;;Brazil;São Paulo;Bauru;Bauru
17035500;Ok;Av. Dr. Arnaldo Prado Curvello - Parque Santa Terezinha, Bauru - SP, 17035-500, Brazil;-22.3202305;-48.9787678;postal_code;APPROXIMATE;;Avenida Doutor Arnaldo Prado Curvello;17035-500;;Brazil;São Paulo;Bauru;Bauru
17055836;Ok;Av. Caio Marcio Ranieri Colombo - Quinta Ranieri, Bauru - SP, 17055-836, Brazil;-22.3461255;-49.1064243;postal_code;APPROXIMATE;;Avenida Caio Marcio Ranieri Colombo;17055-836;;Brazil;São Paulo;Bauru;Bauru
17065208;Ok;R. Segundo Srg. José Mendes Leal - Jardim Nova Esperanca, Bauru - SP, 17065-208, Brazil;-22.3128686;-49.119843;postal_code;APPROXIMATE;;Rua Segundo Sargento José Mendes Leal;17065-208;;Brazil;São Paulo;Bauru;Bauru
17012646;Ok;R. Chaim Mauad - Vila Regina, Bauru - SP, 17012-646, Brazil;-22.3451075;-49.0492004;postal_code;APPROXIMATE;;Rua Chaim Mauad;17012-646;;Brazil;São Paulo;Bauru;Bauru
17047202;Ok;Av. Etelvina de Souza Majone - Reserva Belas Nações, Bauru - SP, 17047-202, Brazil;-22.3391932;-49.0387987;postal_code;APPROXIMATE;;Avenida Etelvina de Souza Majone;17047-202;;Brazil;São Paulo;Bauru;Bauru
17014039;Ok;R. Júlio Maringoni - Vila America, Bauru - SP, 17014-039, Brazil;-22.3362503;-49.0713299;postal_code;APPROXIMATE;;Rua Júlio Maringoni;17014-039;;Brazil;São Paulo;Bauru;Bauru
17016080;Ok;Av. Comendador José da Silva Martha - Jardim Estoril, Bauru - SP, 17016-080, Brazil;-22.3543036;-49.0878696;postal_code;APPROXIMATE;;Avenida Comendador José da Silva Martha;17016-080;;Brazil;São Paulo;Bauru;Bauru
17010010;Ok;R. Primeiro de Agosto - Centro, Bauru - SP, 17010-010, Brazil;-22.3215864;-49.0717674;postal_code;APPROXIMATE;;Rua Primeiro de Agosto;17010-010;;Brazil;São Paulo;Bauru;Bauru
17024660;Ok;R. Cel. Antônio de Ávila Rebouças - Jardim Florida, Bauru - SP, 17024-660, Brazil;-22.3011231;-49.0600094;postal_code;APPROXIMATE;;Rua Coronel Antônio de Ávila Rebouças;17024-660;;Brazil;São Paulo;Bauru;Bauru
17013680;Ok;Av. Cruzeiro do Sul - Vila Cardia, Bauru - SP, 17013-680, Brazil;-22.3231649;-49.0557683;postal_code;APPROXIMATE;;Avenida Cruzeiro do Sul;17013-680;;Brazil;São Paulo;Bauru;Bauru
17017337;Ok;Parque Jardim Europa, Bauru - State of São Paulo, 17017-337, Brazil;-22.3493903;-49.0571436;postal_code;APPROXIMATE;;;17017-337;;Brazil;São Paulo;Bauru;Bauru
17056032;Ok;R. Zenzo Kikuti - Jardim Ouro Verde, Bauru - SP, 17056-032, Brazil;-22.3575872;-49.1024404;postal_code;APPROXIMATE;;Rua Zenzo Kikuti;17056-032;;Brazil;São Paulo;Bauru;Bauru
17056130;Ok;Bauru, State of São Paulo, 17056-130, Brazil;-22.3528198;-49.0967909;postal_code;APPROXIMATE;;;17056-130;;Brazil;São Paulo;Bauru;Bauru
17010011;Ok;R. Primeiro de Agosto - Centro, Bauru - SP, 17010-011, Brazil;-22.3215782;-49.0723004;postal_code;APPROXIMATE;;Rua Primeiro de Agosto;17010-011;;Brazil;São Paulo;Bauru;Bauru
17010011;Ok;R. Primeiro de Agosto - Centro, Bauru - SP, 17010-011, Brazil;-22.3215782;-49.0723004;postal_code;APPROXIMATE;;Rua Primeiro de Agosto;17010-011;;Brazil;São Paulo;Bauru;Bauru
17047120;Ok;R. Javoleno Vaz - Vila Engler, Bauru - SP, 17047-120, Brazil;-22.331664;-49.0472768;postal_code;APPROXIMATE;;Rua Javoleno Vaz;17047-120;;Brazil;São Paulo;Bauru;Bauru
17010011;Ok;R. Primeiro de Agosto - Centro, Bauru - SP, 17010-011, Brazil;-22.3215782;-49.0723004;postal_code;APPROXIMATE;;Rua Primeiro de Agosto;17010-011;;Brazil;São Paulo;Bauru;Bauru
17010180;Ok;R. Gustavo Maciel - Centro, Bauru - SP, 17010-180, Brazil;-22.3175029;-49.0722804;postal_code;APPROXIMATE;;Rua Gustavo Maciel;17010-180;;Brazil;São Paulo;Bauru;Bauru
17047625;Ok;R. Maria Cecília de Oliveira Maciel - Jardim Colonial, Bauru - SP, 17047-625, Brazil;-22.3456717;-49.0334546;postal_code;APPROXIMATE;;Rua Maria Cecília de Oliveira Maciel;17047-625;;Brazil;São Paulo;Bauru;Bauru
17012110;Ok;Bauru, State of São Paulo, 17012-110, Brazil;-22.3338401;-49.0679005;postal_code;APPROXIMATE;;;17012-110;;Brazil;State of São Paulo;Bauru;Bauru
17056033;Ok;R. Tomáz Bosco - Jardim Ouro Verde, Bauru - SP, 17056-033, Brazil;-22.3573559;-49.1031107;postal_code;APPROXIMATE;;Rua Tomáz Bosco;17056-033;;Brazil;São Paulo;Bauru;Bauru
17015230;Ok;Praça Dom Pedro II - Centro, Bauru - SP, 17015-230, Brazil;-22.324495;-49.076371;postal_code;APPROXIMATE;;Praça Dom Pedro II;17015-230;;Brazil;São Paulo;Bauru;Bauru
17032010;Ok;Jardim Redentor, Bauru - State of São Paulo, 17032-010, Brazil;-22.320488;-49.0248287;postal_code;APPROXIMATE;;;17032-010;;Brazil;São Paulo;Bauru;Bauru
17017339;Ok;Jardim America, Bauru - State of São Paulo, 17017-339, Brazil;-22.3460951;-49.0560741;postal_code;APPROXIMATE;;;17017-339;;Brazil;São Paulo;Bauru;Bauru
17010001;Ok;R. Batista de Carvalho - Centro, Bauru - SP, 17010-001, Brazil;-22.3223108;-49.0711361;postal_code;APPROXIMATE;;Rua Batista de Carvalho;17010-001;;Brazil;São Paulo;Bauru;Bauru
17017320;Ok;R. Dr. Henrique Arouche Tolêdo - Jardim America, Bauru - SP, 17017-320, Brazil;-22.3517445;-49.0626922;postal_code;APPROXIMATE;;Rua Doutor Henrique Arouche Tolêdo;17017-320;;Brazil;São Paulo;Bauru;Bauru
17056044;Ok;Jardim Ouro Verde, Bauru - SP, 17056-044, Brazil;-22.3615161;-49.100502;postal_code;APPROXIMATE;;;17056-044;;Brazil;São Paulo;Bauru;Bauru
17052000;Ok;Vila Independencia, Bauru - State of São Paulo, 17052-000, Brazil;-22.3321663;-49.086336;postal_code;APPROXIMATE;;;17052-000;;Brazil;São Paulo;Bauru;Bauru
17051000;Ok;R. Bernardino de Campos - Vila Souto, Bauru - SP, 17051-000, Brazil;-22.3328344;-49.0923171;postal_code;APPROXIMATE;;Rua Bernardino de Campos;17051-000;;Brazil;São Paulo;Bauru;Bauru
17012155;Ok;Bauru, State of São Paulo, 17012-155, Brazil;-22.3292101;-49.0661162;postal_code;APPROXIMATE;;;17012-155;;Brazil;State of São Paulo;Bauru;Bauru
17018520;Ok;Av. Affonso José Aiello - Vila Aviação, Bauru - SP, 17018-520, Brazil;-22.366813;-49.0566324;postal_code;APPROXIMATE;;Avenida Affonso José Aiello;17018-520;;Brazil;São Paulo;Bauru;Bauru
17015321;Ok;R. Gustavo Maciel - Centro, Bauru - SP, 17015-321, Brazil;-22.3241325;-49.0705331;postal_code;APPROXIMATE;;Rua Gustavo Maciel;17015-321;;Brazil;São Paulo;Bauru;Bauru
17015230;Ok;Praça Dom Pedro II - Centro, Bauru - SP, 17015-230, Brazil;-22.324495;-49.076371;postal_code;APPROXIMATE;;Praça Dom Pedro II;17015-230;;Brazil;São Paulo;Bauru;Bauru
17012110;Ok;Bauru, State of São Paulo, 17012-110, Brazil;-22.3338401;-49.0679005;postal_code;APPROXIMATE;;;17012-110;;Brazil;State of São Paulo;Bauru;Bauru
17052000;Ok;Vila Independencia, Bauru - State of São Paulo, 17052-000, Brazil;-22.3321663;-49.086336;postal_code;APPROXIMATE;;;17052-000;;Brazil;São Paulo;Bauru;Bauru
17013590;Ok;R. Luiz Aleixo - Vila Cardia, Bauru - SP, 17013-590, Brazil;-22.322766;-49.0578059;postal_code;APPROXIMATE;;Rua Luiz Aleixo;17013-590;;Brazil;São Paulo;Bauru;Bauru
17050010;Ok;R. Albuquerque Lins - Vila Falcao, Bauru - SP, 17050-010, Brazil;-22.3245074;-49.0901011;postal_code;APPROXIMATE;;Rua Albuquerque Lins;17050-010;;Brazil;São Paulo;Bauru;Bauru
17010001;Ok;R. Batista de Carvalho - Centro, Bauru - SP, 17010-001, Brazil;-22.3223108;-49.0711361;postal_code;APPROXIMATE;;Rua Batista de Carvalho;17010-001;;Brazil;São Paulo;Bauru;Bauru
17051050;Ok;R. Olegário Machado - Vila Souto, Bauru - SP, 17051-050, Brazil;-22.3295848;-49.0925432;postal_code;APPROXIMATE;;Rua Olegário Machado;17051-050;;Brazil;São Paulo;Bauru;Bauru
17030530;Ok;Bauru, State of São Paulo, 17030-530, Brazil;-22.3286711;-49.0629289;postal_code;APPROXIMATE;;;17030-530;;Brazil;State of São Paulo;Bauru;Bauru
17018711;Ok;Av. Getúlio Vargas - Vila Aviação, Bauru - SP, 17018-711, Brazil;-22.356209;-49.0475783;postal_code;APPROXIMATE;;Avenida Getúlio Vargas;17018-711;;Brazil;São Paulo;Bauru;Bauru
17017337;Ok;Parque Jardim Europa, Bauru - State of São Paulo, 17017-337, Brazil;-22.3493903;-49.0571436;postal_code;APPROXIMATE;;;17017-337;;Brazil;São Paulo;Bauru;Bauru
17015100;Ok;R. Quintino Bocaiúva - Centro, Bauru - SP, 17015-100, Brazil;-22.3266781;-49.080331;postal_code;APPROXIMATE;;Rua Quintino Bocaiúva;17015-100;;Brazil;São Paulo;Bauru;Bauru
17013211;Ok;R. Ezequiel Ramos - Vila Cardia, Bauru - SP, 17013-211, Brazil;-22.3173713;-49.059218;postal_code;APPROXIMATE;;Rua Ezequiel Ramos;17013-211;;Brazil;São Paulo;Bauru;Bauru
17017383;Ok;Parque Jardim Europa, Bauru - State of São Paulo, 17017-383, Brazil;-22.3478221;-49.0543185;postal_code;APPROXIMATE;;;17017-383;;Brazil;São Paulo;Bauru;Bauru
17012110;Ok;Bauru, State of São Paulo, 17012-110, Brazil;-22.3338401;-49.0679005;postal_code;APPROXIMATE;;;17012-110;;Brazil;State of São Paulo;Bauru;Bauru
17012433;Ok;Vila Universitaria, Bauru - State of São Paulo, 17012-433, Brazil;-22.3404913;-49.0572896;postal_code;APPROXIMATE;;;17012-433;;Brazil;São Paulo;Bauru;Bauru
17011160;Ok;R. Irmã Arminda - Jardim Brasil, Bauru - SP, 17011-160, Brazil;-22.3277933;-49.0550386;postal_code;APPROXIMATE;;Rua Irmã Arminda;17011-160;;Brazil;São Paulo;Bauru;Bauru
17030140;Ok;R. Giácomo Pavan - Jardim Guadalajara, Bauru - SP, 17030-140, Brazil;-22.3134805;-49.052956;postal_code;APPROXIMATE;;Rua Giácomo Pavan;17030-140;;Brazil;São Paulo;Bauru;Bauru
17014010;Ok;R. Ver. Joaquim da Silva Martha, 1-13 - Vila Santa Izabel, Bauru - SP, 17014-010, Brazil;-22.3298916;-49.0601672;postal_code;APPROXIMATE;1-13;Rua Vereador Joaquim da Silva Martha;17014-010;;Brazil;São Paulo;Bauru;Bauru
17060250;Ok;R. Afonso Pena - Jardim Bela Vista, Bauru - SP, 17060-250, Brazil;-22.3162366;-49.0784798;postal_code;APPROXIMATE;;Rua Afonso Pena;17060-250;;Brazil;São Paulo;Bauru;Bauru
17033360;Ok;Av. Eng. Luís Edmundo Carrijo Coube - Nucleo Res. Pres. Geisel, Bauru - SP, 17033-360, Brazil;-22.3477447;-49.0323205;postal_code;APPROXIMATE;;Avenida Engenheiro Luís Edmundo Carrijo Coube;17033-360;;Brazil;São Paulo;Bauru;Bauru
17056000;Ok;Bauru, State of São Paulo, 17056-000, Brazil;-22.3601918;-49.1061874;postal_code;APPROXIMATE;;;17056-000;;Brazil;State of São Paulo;Bauru;Bauru
17017337;Ok;Parque Jardim Europa, Bauru - State of São Paulo, 17017-337, Brazil;-22.3493903;-49.0571436;postal_code;APPROXIMATE;;;17017-337;;Brazil;São Paulo;Bauru;Bauru
17060510;Ok;R. Santos Dumont - Vila Becheli, Bauru - SP, 17060-510, Brazil;-22.304944;-49.0851067;postal_code;APPROXIMATE;;Rua Santos Dumont;17060-510;;Brazil;São Paulo;Bauru;Bauru
17032581;Ok;Carolina, Bauru - SP, 17032-581, Brazil;-22.3234397;-49.0283109;postal_code;APPROXIMATE;;;17032-581;;Brazil;São Paulo;Bauru;Bauru
17039470;Ok;R. Aimorés - Vila Aimores, Bauru - SP, 17039-470, Brazil;-22.3123412;-48.9919399;postal_code;APPROXIMATE;;Rua Aimorés;17039-470;;Brazil;São Paulo;Bauru;Bauru
17066742;Ok;R. Alcino Pinheiro Chagas - Nucleo Hab. Fortunato Rocha Lima, Bauru - SP, 17066-742, Brazil;-22.2995577;-49.109548;postal_code;APPROXIMATE;;Rua Alcino Pinheiro Chagas;17066-742;;Brazil;São Paulo;Bauru;Bauru
17011160;Ok;R. Irmã Arminda - Jardim Brasil, Bauru - SP, 17011-160, Brazil;-22.3277933;-49.0550386;postal_code;APPROXIMATE;;Rua Irmã Arminda;17011-160;;Brazil;São Paulo;Bauru;Bauru
17032271;Ok;R. Santa Francisca de Chantal - Jardim Redentor, Bauru - SP, 17032-271, Brazil;-22.3162524;-49.0283235;postal_code;APPROXIMATE;;Rua Santa Francisca de Chantal;17032-271;;Brazil;São Paulo;Bauru;Bauru
17014037;Ok;Bauru, State of São Paulo, 17014-037, Brazil;-22.3360125;-49.0684681;postal_code;APPROXIMATE;;;17014-037;;Brazil;State of São Paulo;Bauru;Bauru
17031440;Ok;R. Teodoro Álvares - Parque Julio Nobrega, Bauru - SP, 17031-440, Brazil;-22.3185803;-49.0228474;postal_code;APPROXIMATE;;Rua Teodoro Álvares;17031-440;;Brazil;São Paulo;Bauru;Bauru
17026882;Ok;Av. José Silvestri - Jardim Silvestre, Bauru - SP, 17026-882, Brazil;-22.2952969;-49.0497395;postal_code;APPROXIMATE;;Avenida José Silvestri;17026-882;;Brazil;São Paulo;Bauru;Bauru
17032560;Ok;Nucleo Hab. Pres. Geisel, Bauru - State of São Paulo, 17032-560, Brazil;-22.3288838;-49.030822;postal_code;APPROXIMATE;;;17032-560;;Brazil;São Paulo;Bauru;Bauru
17017337;Ok;Parque Jardim Europa, Bauru - State of São Paulo, 17017-337, Brazil;-22.3493903;-49.0571436;postal_code;APPROXIMATE;;;17017-337;;Brazil;São Paulo;Bauru;Bauru
17050310;Ok;R. José de Alencar - Vila Pacifico, Bauru - SP, 17050-310, Brazil;-22.3233766;-49.0919793;postal_code;APPROXIMATE;;Rua José de Alencar;17050-310;;Brazil;São Paulo;Bauru;Bauru
17065320;Ok;R. Tatuí - Jardim Eldorado, Bauru - SP, 17065-320, Brazil;-22.3087153;-49.1239357;postal_code;APPROXIMATE;;Rua Tatuí;17065-320;;Brazil;São Paulo;Bauru;Bauru
17018520;Ok;Av. Affonso José Aiello - Vila Aviação, Bauru - SP, 17018-520, Brazil;-22.366813;-49.0566324;postal_code;APPROXIMATE;;Avenida Affonso José Aiello;17018-520;;Brazil;São Paulo;Bauru;Bauru
17012155;Ok;Bauru, State of São Paulo, 17012-155, Brazil;-22.3292101;-49.0661162;postal_code;APPROXIMATE;;;17012-155;;Brazil;State of São Paulo;Bauru;Bauru
17010011;Ok;R. Primeiro de Agosto - Centro, Bauru - SP, 17010-011, Brazil;-22.3215782;-49.0723004;postal_code;APPROXIMATE;;Rua Primeiro de Agosto;17010-011;;Brazil;São Paulo;Bauru;Bauru
17010001;Ok;R. Batista de Carvalho - Centro, Bauru - SP, 17010-001, Brazil;-22.3223108;-49.0711361;postal_code;APPROXIMATE;;Rua Batista de Carvalho;17010-001;;Brazil;São Paulo;Bauru;Bauru
17014400;Ok;Bauru, State of São Paulo, 17014-400, Brazil;-22.3305147;-49.0737405;postal_code;APPROXIMATE;;;17014-400;;Brazil;State of São Paulo;Bauru;Bauru
17024270;Ok;R. Maestro Oscár Mendes - Novo Jardim Pagani, Bauru - SP, 17024-270, Brazil;-22.2958173;-49.0675156;postal_code;APPROXIMATE;;Rua Maestro Oscár Mendes;17024-270;;Brazil;São Paulo;Bauru;Bauru
17015220;Ok;R. Virgílio Malta - Centro, Bauru - SP, 17015-220, Brazil;-22.325098;-49.0745456;postal_code;APPROXIMATE;;Rua Virgílio Malta;17015-220;;Brazil;São Paulo;Bauru;Bauru
17022122;Ok;R. José de Azevedo Maia - Vila Sao Paulo, Bauru - SP, 17022-122, Brazil;-22.2761588;-49.0691179;postal_code;APPROXIMATE;;Rua José de Azevedo Maia;17022-122;;Brazil;São Paulo;Bauru;Bauru
17010010;Ok;R. Primeiro de Agosto - Centro, Bauru - SP, 17010-010, Brazil;-22.3215864;-49.0717674;postal_code;APPROXIMATE;;Rua Primeiro de Agosto;17010-010;;Brazil;São Paulo;Bauru;Bauru
17010001;Ok;R. Batista de Carvalho - Centro, Bauru - SP, 17010-001, Brazil;-22.3223108;-49.0711361;postal_code;APPROXIMATE;;Rua Batista de Carvalho;17010-001;;Brazil;São Paulo;Bauru;Bauru
17012370;Ok;R. Neder Issa - Vila Guedes de Azevedo, Bauru - SP, 17012-370, Brazil;-22.3382919;-49.0621227;postal_code;APPROXIMATE;;Rua Neder Issa;17012-370;;Brazil;São Paulo;Bauru;Bauru
17010160;Ok;Bauru, State of São Paulo, 17010-160, Brazil;-22.3128317;-49.0714912;postal_code;APPROXIMATE;;;17010-160;;Brazil;State of São Paulo;Bauru;Bauru
17014037;Ok;Bauru, State of São Paulo, 17014-037, Brazil;-22.3360125;-49.0684681;postal_code;APPROXIMATE;;;17014-037;;Brazil;State of São Paulo;Bauru;Bauru
17065390;Ok;R. Manoel Rodrigues Maduro - Nucleo Hab. Ver. Edson Francisco da Silva, Bauru - SP, 17065-390, Brazil;-22.3145695;-49.1212725;postal_code;APPROXIMATE;;Rua Manoel Rodrigues Maduro;17065-390;;Brazil;São Paulo;Bauru;Bauru
17017240;Ok;R. Alfredo Fontão - Jardim Paulista, Bauru - SP, 17017-240, Brazil;-22.3424998;-49.0641607;postal_code;APPROXIMATE;;Rua Alfredo Fontão;17017-240;;Brazil;São Paulo;Bauru;Bauru
17012155;Ok;Bauru, State of São Paulo, 17012-155, Brazil;-22.3292101;-49.0661162;postal_code;APPROXIMATE;;;17012-155;;Brazil;State of São Paulo;Bauru;Bauru
17014037;Ok;Bauru, State of São Paulo, 17014-037, Brazil;-22.3360125;-49.0684681;postal_code;APPROXIMATE;;;17014-037;;Brazil;State of São Paulo;Bauru;Bauru
17010001;Ok;R. Batista de Carvalho - Centro, Bauru - SP, 17010-001, Brazil;-22.3223108;-49.0711361;postal_code;APPROXIMATE;;Rua Batista de Carvalho;17010-001;;Brazil;São Paulo;Bauru;Bauru
17011138;Ok;Jardim Panorama, Bauru - State of São Paulo, 17011-138, Brazil;-22.3367499;-49.0495949;postal_code;APPROXIMATE;;;17011-138;;Brazil;São Paulo;Bauru;Bauru
17015130;Ok;R. Monsenhor Claro - Centro, Bauru - SP, 17015-130, Brazil;-22.3298159;-49.0763447;postal_code;APPROXIMATE;;Rua Monsenhor Claro;17015-130;;Brazil;São Paulo;Bauru;Bauru
17010190;Ok;Bauru, State of São Paulo, 17010-190, Brazil;-22.3422617;-49.0661643;postal_code;APPROXIMATE;;;17010-190;;Brazil;State of São Paulo;Bauru;Bauru
17015301;Ok;R. Agenor Meira - Centro, Bauru - SP, 17015-301, Brazil;-22.3237392;-49.0727666;postal_code;APPROXIMATE;;Rua Agenor Meira;17015-301;;Brazil;São Paulo;Bauru;Bauru
17012205;Ok;R. Henrique Savi - Vila Nova Cidade Universitaria, Bauru - SP, 17012-205, Brazil;-22.3374308;-49.0538947;postal_code;APPROXIMATE;;Rua Henrique Savi;17012-205;;Brazil;São Paulo;Bauru;Bauru
17010000;Ok;R. Batista de Carvalho - Centro, Bauru - SP, 17010-000, Brazil;-22.3227925;-49.0730045;postal_code;APPROXIMATE;;Rua Batista de Carvalho;17010-000;;Brazil;São Paulo;Bauru;Bauru
17012191;Ok;Vila Nova Cidade Universitaria, Bauru - State of São Paulo, 17012-191, Brazil;-22.3348158;-49.0610352;postal_code;APPROXIMATE;;;17012-191;;Brazil;São Paulo;Bauru;Bauru
17026090;Ok;R. Gabino de Souza - Núcleo Habitacional Mary Dota, Bauru - SP, 17026-090, Brazil;-22.3004686;-49.0483327;postal_code;APPROXIMATE;;Rua Gabino de Souza;17026-090;;Brazil;São Paulo;Bauru;Bauru
17012110;Ok;Bauru, State of São Paulo, 17012-110, Brazil;-22.3338401;-49.0679005;postal_code;APPROXIMATE;;;17012-110;;Brazil;State of São Paulo;Bauru;Bauru
17011105;Ok;Av. Nações Unidas - Jardim Panorama, Bauru - SP, 17011-105, Brazil;-22.3350661;-49.0540947;postal_code;APPROXIMATE;;Avenida Nações Unidas;17011-105;;Brazil;São Paulo;Bauru;Bauru
17031600;Ok;Bauru, State of São Paulo, 17031-600, Brazil;-22.3234918;-49.0219111;postal_code;APPROXIMATE;;;17031-600;;Brazil;State of São Paulo;Bauru;Bauru
17012320;Ok;R. Dr. Annis Dabus - Vila Guedes de Azevedo, Bauru - SP, 17012-320, Brazil;-22.3364273;-49.0658297;postal_code;APPROXIMATE;;Rua Doutor Annis Dabus;17012-320;;Brazil;São Paulo;Bauru;Bauru
17015331;Ok;Bauru, State of São Paulo, 17015-331, Brazil;-22.3272467;-49.0685317;postal_code;APPROXIMATE;;;17015-331;;Brazil;State of São Paulo;Bauru;Bauru
17064150;Ok;Bauru, State of São Paulo, 17064-150, Brazil;-22.3132972;-49.0907117;postal_code;APPROXIMATE;;;17064-150;;Brazil;State of São Paulo;Bauru;Bauru
17032273;Ok;R. São João Bôsco - Jardim Redentor, Bauru - SP, 17032-273, Brazil;-22.3136851;-49.030836;postal_code;APPROXIMATE;;Rua São João Bôsco;17032-273;;Brazil;São Paulo;Bauru;Bauru
17012205;Ok;R. Henrique Savi - Vila Nova Cidade Universitaria, Bauru - SP, 17012-205, Brazil;-22.3374308;-49.0538947;postal_code;APPROXIMATE;;Rua Henrique Savi;17012-205;;Brazil;São Paulo;Bauru;Bauru
17020293;Ok;Praça João Paulo II - Centro, Bauru - SP, 17020-293, Brazil;-22.3132987;-49.0689064;postal_code;APPROXIMATE;;Praça João Paulo II;17020-293;;Brazil;São Paulo;Bauru;Bauru
17017339;Ok;Jardim America, Bauru - State of São Paulo, 17017-339, Brazil;-22.3460951;-49.0560741;postal_code;APPROXIMATE;;;17017-339;;Brazil;São Paulo;Bauru;Bauru
17012205;Ok;R. Henrique Savi - Vila Nova Cidade Universitaria, Bauru - SP, 17012-205, Brazil;-22.3374308;-49.0538947;postal_code;APPROXIMATE;;Rua Henrique Savi;17012-205;;Brazil;São Paulo;Bauru;Bauru
17012646;Ok;R. Chaim Mauad - Vila Regina, Bauru - SP, 17012-646, Brazil;-22.3451075;-49.0492004;postal_code;APPROXIMATE;;Rua Chaim Mauad;17012-646;;Brazil;São Paulo;Bauru;Bauru
17021570;Ok;R. João Paulo I - Parque Santa Cecilia, Bauru - SP, 17021-570, Brazil;-22.2950166;-49.0770761;postal_code;APPROXIMATE;;Rua João Paulo I;17021-570;;Brazil;São Paulo;Bauru;Bauru
17012060;Ok;Vila Guedes de Azevedo, Bauru - State of São Paulo, 17012-060, Brazil;-22.3338503;-49.0666378;postal_code;APPROXIMATE;;;17012-060;;Brazil;São Paulo;Bauru;Bauru
17067520;Ok;Parque Santa Edwiges, Bauru - State of São Paulo, 17067-520, Brazil;-22.3043229;-49.099515;postal_code;APPROXIMATE;;;17067-520;;Brazil;São Paulo;Bauru;Bauru
17066570;Ok;Parque Jaragua, Bauru - State of São Paulo, 17066-570, Brazil;-22.3060582;-49.1131371;postal_code;APPROXIMATE;;;17066-570;;Brazil;São Paulo;Bauru;Bauru
17015220;Ok;R. Virgílio Malta - Centro, Bauru - SP, 17015-220, Brazil;-22.325098;-49.0745456;postal_code;APPROXIMATE;;Rua Virgílio Malta;17015-220;;Brazil;São Paulo;Bauru;Bauru
17012191;Ok;Vila Nova Cidade Universitaria, Bauru - State of São Paulo, 17012-191, Brazil;-22.3348158;-49.0610352;postal_code;APPROXIMATE;;;17012-191;;Brazil;São Paulo;Bauru;Bauru
17015042;Ok;R. Quinze de Novembro - Centro, Bauru - SP, 17015-042, Brazil;-22.327575;-49.074891;postal_code;APPROXIMATE;;Rua Quinze de Novembro;17015-042;;Brazil;São Paulo;Bauru;Bauru
17010230;Ok;R. Treze de Maio - Centro, Bauru - SP, 17010-230, Brazil;-22.3279649;-49.0726507;postal_code;APPROXIMATE;;Rua Treze de Maio;17010-230;;Brazil;São Paulo;Bauru;Bauru
17015010;Ok;R. Bandeirantes - Centro, Bauru - SP, 17015-010, Brazil;-22.3242234;-49.0723988;postal_code;APPROXIMATE;;Rua Bandeirantes;17015-010;;Brazil;São Paulo;Bauru;Bauru
17015000;Ok;Bauru, State of São Paulo, 17015-000, Brazil;-22.3084629;-49.0024379;postal_code;APPROXIMATE;;;17015-000;;Brazil;São Paulo;Bauru;Bauru
17012202;Ok;Av. Nações Unidas - Vila Nova Cidade Universitaria, Bauru - SP, 17012-202, Brazil;-22.3327939;-49.05584;postal_code;APPROXIMATE;;Avenida Nações Unidas;17012-202;;Brazil;São Paulo;Bauru;Bauru
17018711;Ok;Av. Getúlio Vargas - Vila Aviação, Bauru - SP, 17018-711, Brazil;-22.356209;-49.0475783;postal_code;APPROXIMATE;;Avenida Getúlio Vargas;17018-711;;Brazil;São Paulo;Bauru;Bauru
17012623;Ok;R. Felício Soubihe - Jardim Planalto, Bauru - SP, 17012-623, Brazil;-22.339985;-49.050936;postal_code;APPROXIMATE;;Rua Felício Soubihe;17012-623;;Brazil;São Paulo;Bauru;Bauru
17025070;Ok;R. Paulino Dondici - Parque Res. Jardim Araruna, Bauru - SP, 17025-070, Brazil;-22.303231;-49.0598541;postal_code;APPROXIMATE;;Rua Paulino Dondici;17025-070;;Brazil;São Paulo;Bauru;Bauru
17015100;Ok;R. Quintino Bocaiúva - Centro, Bauru - SP, 17015-100, Brazil;-22.3266781;-49.080331;postal_code;APPROXIMATE;;Rua Quintino Bocaiúva;17015-100;;Brazil;São Paulo;Bauru;Bauru
17053460;Ok;R. Alcides Concuruto - Estância Balneária Águas Virtuosas, Bauru - SP, 17053-460, Brazil;-22.3969496;-49.0961593;postal_code;APPROXIMATE;;Rua Alcides Concuruto;17053-460;;Brazil;São Paulo;Bauru;Bauru
17065122;Ok;R. Srg. José dos Santos - Fundacao Casas Populares Salvador Filardi, Bauru - SP, 17065-122, Brazil;-22.3124047;-49.1172209;postal_code;APPROXIMATE;;Rua Sargento José dos Santos;17065-122;;Brazil;São Paulo;Bauru;Bauru
17031421;Ok;R. Carlos Giaxa - Parque Julio Nobrega, Bauru - SP, 17031-421, Brazil;-22.3152557;-49.026052;postal_code;APPROXIMATE;;Rua Carlos Giaxa;17031-421;;Brazil;São Paulo;Bauru;Bauru
17014039;Ok;R. Júlio Maringoni - Vila America, Bauru - SP, 17014-039, Brazil;-22.3362503;-49.0713299;postal_code;APPROXIMATE;;Rua Júlio Maringoni;17014-039;;Brazil;São Paulo;Bauru;Bauru
17050280;Ok;Vila Souto, Bauru - State of São Paulo, 17050-280, Brazil;-22.3296187;-49.0923696;postal_code;APPROXIMATE;;;17050-280;;Brazil;São Paulo;Bauru;Bauru
17052000;Ok;Vila Independencia, Bauru - State of São Paulo, 17052-000, Brazil;-22.3321663;-49.086336;postal_code;APPROXIMATE;;;17052-000;;Brazil;São Paulo;Bauru;Bauru
17039260;Ok;R. Carlos Gomes de Camargo - Conj. Hab. Eng. Otavio Rasi, Bauru - SP, 17039-260, Brazil;-22.3032302;-49.003739;postal_code;APPROXIMATE;;Rua Carlos Gomes de Camargo;17039-260;;Brazil;São Paulo;Bauru;Bauru
17012155;Ok;Bauru, State of São Paulo, 17012-155, Brazil;-22.3292101;-49.0661162;postal_code;APPROXIMATE;;;17012-155;;Brazil;State of São Paulo;Bauru;Bauru
17017383;Ok;Parque Jardim Europa, Bauru - State of São Paulo, 17017-383, Brazil;-22.3478221;-49.0543185;postal_code;APPROXIMATE;;;17017-383;;Brazil;São Paulo;Bauru;Bauru
17053460;Ok;R. Alcides Concuruto - Estância Balneária Águas Virtuosas, Bauru - SP, 17053-460, Brazil;-22.3969496;-49.0961593;postal_code;APPROXIMATE;;Rua Alcides Concuruto;17053-460;;Brazil;São Paulo;Bauru;Bauru
17012370;Ok;R. Neder Issa - Vila Guedes de Azevedo, Bauru - SP, 17012-370, Brazil;-22.3382919;-49.0621227;postal_code;APPROXIMATE;;Rua Neder Issa;17012-370;;Brazil;São Paulo;Bauru;Bauru
17022113;Ok;R. Gaudêncio Piola - Vila Sao Paulo, Bauru - SP, 17022-113, Brazil;-22.2760307;-49.0676637;postal_code;APPROXIMATE;;Rua Gaudêncio Piola;17022-113;;Brazil;São Paulo;Bauru;Bauru
17053460;Ok;R. Alcides Concuruto - Estância Balneária Águas Virtuosas, Bauru - SP, 17053-460, Brazil;-22.3969496;-49.0961593;postal_code;APPROXIMATE;;Rua Alcides Concuruto;17053-460;;Brazil;São Paulo;Bauru;Bauru
17039140;Ok;R. Aristídes Ribeiro de Morais - Conj. Hab. Eng. Otavio Rasi, Bauru - SP, 17039-140, Brazil;-22.3060191;-49.0027935;postal_code;APPROXIMATE;;Rua Aristídes Ribeiro de Morais;17039-140;;Brazil;São Paulo;Bauru;Bauru
17015000;Ok;Bauru, State of São Paulo, 17015-000, Brazil;-22.3084629;-49.0024379;postal_code;APPROXIMATE;;;17015-000;;Brazil;São Paulo;Bauru;Bauru
17026840;Ok;R. Profa. Iracema Ubirajara da Silva Terruel - Nucleo Hab. Nobuji Nagasawa, Bauru - SP, 17026-840, Brazil;-22.2915679;-49.0562221;postal_code;APPROXIMATE;;Rua Professora Iracema Ubirajara da Silva Terruel;17026-840;;Brazil;São Paulo;Bauru;Bauru
17012431;Ok;Vila Universitaria, Bauru - State of São Paulo, 17012-431, Brazil;-22.3377119;-49.0642704;postal_code;APPROXIMATE;;;17012-431;;Brazil;São Paulo;Bauru;Bauru
17010180;Ok;R. Gustavo Maciel - Centro, Bauru - SP, 17010-180, Brazil;-22.3175029;-49.0722804;postal_code;APPROXIMATE;;Rua Gustavo Maciel;17010-180;;Brazil;São Paulo;Bauru;Bauru
17051110;Ok;Vila Falcao, Bauru - State of São Paulo, 17051-110, Brazil;-22.3275603;-49.0935144;postal_code;APPROXIMATE;;;17051-110;;Brazil;São Paulo;Bauru;Bauru
17032010;Ok;Jardim Redentor, Bauru - State of São Paulo, 17032-010, Brazil;-22.320488;-49.0248287;postal_code;APPROXIMATE;;;17032-010;;Brazil;São Paulo;Bauru;Bauru
17015000;Ok;Bauru, State of São Paulo, 17015-000, Brazil;-22.3084629;-49.0024379;postal_code;APPROXIMATE;;;17015-000;;Brazil;São Paulo;Bauru;Bauru
17026000;Ok;Av. Dr. Marcos de Paula Raphael - Núcleo Habitacional Mary Dota, Bauru - SP, 17026-000, Brazil;-22.2959023;-49.044625;postal_code;APPROXIMATE;;Avenida Doutor Marcos de Paula Raphael;17026-000;;Brazil;São Paulo;Bauru;Bauru
17015230;Ok;Praça Dom Pedro II - Centro, Bauru - SP, 17015-230, Brazil;-22.324495;-49.076371;postal_code;APPROXIMATE;;Praça Dom Pedro II;17015-230;;Brazil;São Paulo;Bauru;Bauru
17012060;Ok;Vila Guedes de Azevedo, Bauru - State of São Paulo, 17012-060, Brazil;-22.3338503;-49.0666378;postal_code;APPROXIMATE;;;17012-060;;Brazil;São Paulo;Bauru;Bauru
17011100;Ok;R. Dr. Romildo Brunhari - Jardim Panorama, Bauru - SP, 17011-100, Brazil;-22.3350499;-49.0514013;postal_code;APPROXIMATE;;Rua Doutor Romildo Brunhari;17011-100;;Brazil;São Paulo;Bauru;Bauru
17010160;Ok;Bauru, State of São Paulo, 17010-160, Brazil;-22.3128317;-49.0714912;postal_code;APPROXIMATE;;;17010-160;;Brazil;State of São Paulo;Bauru;Bauru
17017490;Ok;R. Aviador Ribeiro de Barros - Parque Jardim Europa, Bauru - SP, 17017-490, Brazil;-22.3541275;-49.0577497;postal_code;APPROXIMATE;;Rua Aviador Ribeiro de Barros;17017-490;;Brazil;São Paulo;Bauru;Bauru
17054100;Ok;R. Estados Unidos - Jardim Terra Branca, Bauru - SP, 17054-100, Brazil;-22.3459641;-49.0924982;postal_code;APPROXIMATE;;Rua Estados Unidos;17054-100;;Brazil;São Paulo;Bauru;Bauru
17047001;Ok;Parque Res. das Camelias, Bauru - State of São Paulo, 17047-001, Brazil;-22.3271622;-49.0447039;postal_code;APPROXIMATE;;;17047-001;;Brazil;São Paulo;Bauru;Bauru
17017339;Ok;Jardim America, Bauru - State of São Paulo, 17017-339, Brazil;-22.3460951;-49.0560741;postal_code;APPROXIMATE;;;17017-339;;Brazil;São Paulo;Bauru;Bauru
17014273;Ok;Centro, Bauru - SP, 17014-273, Brazil;-22.3317099;-49.080923;postal_code;APPROXIMATE;;;17014-273;;Brazil;São Paulo;Bauru;Bauru
17011066;Ok;Av. Duque de Caxias - Vila Cardia, Bauru - SP, 17011-066, Brazil;-22.3261773;-49.0575081;postal_code;APPROXIMATE;;Avenida Duque de Caxias;17011-066;;Brazil;São Paulo;Bauru;Bauru
17033360;Ok;Av. Eng. Luís Edmundo Carrijo Coube - Nucleo Res. Pres. Geisel, Bauru - SP, 17033-360, Brazil;-22.3477447;-49.0323205;postal_code;APPROXIMATE;;Avenida Engenheiro Luís Edmundo Carrijo Coube;17033-360;;Brazil;São Paulo;Bauru;Bauru
17018520;Ok;Av. Affonso José Aiello - Vila Aviação, Bauru - SP, 17018-520, Brazil;-22.366813;-49.0566324;postal_code;APPROXIMATE;;Avenida Affonso José Aiello;17018-520;;Brazil;São Paulo;Bauru;Bauru
17033430;Ok;Bauru, State of São Paulo, 17033-430, Brazil;-22.3258316;-49.0335824;postal_code;APPROXIMATE;;;17033-430;;Brazil;State of São Paulo;Bauru;Bauru
17032633;Ok;R. Guilhermino Santos Ascenção - Jardim Olimpico, Bauru - SP, 17032-633, Brazil;-22.3273943;-49.027579;postal_code;APPROXIMATE;;Rua Guilhermino Santos Ascenção;17032-633;;Brazil;São Paulo;Bauru;Bauru
17018000;Ok;Bauru, State of São Paulo, 17018-000, Brazil;-22.3474642;-49.0541707;postal_code;APPROXIMATE;;;17018-000;;Brazil;State of São Paulo;Bauru;Bauru
17032263;Ok;R. Nossa Sra. das Dores - Jardim Redentor, Bauru - SP, 17032-263, Brazil;-22.3155381;-49.0271918;postal_code;APPROXIMATE;;Rua Nossa Senhora das Dores;17032-263;;Brazil;São Paulo;Bauru;Bauru
17018525;Ok;R. Regina Célia Palmeira - Vila Aviação, Bauru - SP, 17018-525, Brazil;-22.3630366;-49.0576423;postal_code;APPROXIMATE;;Rua Regina Célia Palmeira;17018-525;;Brazil;São Paulo;Bauru;Bauru
17010180;Ok;R. Gustavo Maciel - Centro, Bauru - SP, 17010-180, Brazil;-22.3175029;-49.0722804;postal_code;APPROXIMATE;;Rua Gustavo Maciel;17010-180;;Brazil;São Paulo;Bauru;Bauru
17057020;Ok;Rua Braz Fernandes - Parque Real, Bauru - SP, 17057-020, Brazil;-22.3301665;-49.1238002;postal_code;APPROXIMATE;;Rua Braz Fernandes;17057-020;;Brazil;São Paulo;Bauru;Bauru
17015361;Ok;R. Prof. José Ranieri - Centro, Bauru - SP, 17015-361, Brazil;-22.3252171;-49.0659871;postal_code;APPROXIMATE;;Rua Professor José Ranieri;17015-361;;Brazil;São Paulo;Bauru;Bauru
17012205;Ok;R. Henrique Savi - Vila Nova Cidade Universitaria, Bauru - SP, 17012-205, Brazil;-22.3374308;-49.0538947;postal_code;APPROXIMATE;;Rua Henrique Savi;17012-205;;Brazil;São Paulo;Bauru;Bauru
17017380;Ok;R. Clóvis Barreto Melchert - Parque Jardim Europa, Bauru - SP, 17017-380, Brazil;-22.3517867;-49.0559649;postal_code;APPROXIMATE;;Rua Clóvis Barreto Melchert;17017-380;;Brazil;São Paulo;Bauru;Bauru
17012205;Ok;R. Henrique Savi - Vila Nova Cidade Universitaria, Bauru - SP, 17012-205, Brazil;-22.3374308;-49.0538947;postal_code;APPROXIMATE;;Rua Henrique Savi;17012-205;;Brazil;São Paulo;Bauru;Bauru
17020210;Ok;Vila Antarctica, Bauru - State of São Paulo, 17020-210, Brazil;-22.312992;-49.0626133;postal_code;APPROXIMATE;;;17020-210;;Brazil;São Paulo;Bauru;Bauru
17024650;Ok;R. Felício Atala - Jardim Florida, Bauru - SP, 17024-650, Brazil;-22.3005076;-49.0576255;postal_code;APPROXIMATE;;Rua Felício Atala;17024-650;;Brazil;São Paulo;Bauru;Bauru
17012205;Ok;R. Henrique Savi - Vila Nova Cidade Universitaria, Bauru - SP, 17012-205, Brazil;-22.3374308;-49.0538947;postal_code;APPROXIMATE;;Rua Henrique Savi;17012-205;;Brazil;São Paulo;Bauru;Bauru
17015042;Ok;R. Quinze de Novembro - Centro, Bauru - SP, 17015-042, Brazil;-22.327575;-49.074891;postal_code;APPROXIMATE;;Rua Quinze de Novembro;17015-042;;Brazil;São Paulo;Bauru;Bauru
17010000;Ok;R. Batista de Carvalho - Centro, Bauru - SP, 17010-000, Brazil;-22.3227925;-49.0730045;postal_code;APPROXIMATE;;Rua Batista de Carvalho;17010-000;;Brazil;São Paulo;Bauru;Bauru
17011102;Ok;R. Nicolau Assis - Jardim Panorama, Bauru - SP, 17011-102, Brazil;-22.335984;-49.0525928;postal_code;APPROXIMATE;;Rua Nicolau Assis;17011-102;;Brazil;São Paulo;Bauru;Bauru
17033620;Ok;Nucleo Hab. Pres. Geisel, Bauru - SP, 17033-620, Brazil;-22.3329724;-49.0275197;postal_code;APPROXIMATE;;;17033-620;;Brazil;São Paulo;Bauru;Bauru
17051460;Ok;R. João Sotero de Castro - Vila Industrial, Bauru - SP, 17051-460, Brazil;-22.3295313;-49.1132688;postal_code;APPROXIMATE;;Rua João Sotero de Castro;17051-460;;Brazil;São Paulo;Bauru;Bauru
17020393;Ok;Praça Orquídeas - Vila Gimenes, Bauru - SP, 17020-393, Brazil;-22.3073104;-49.0670324;postal_code;APPROXIMATE;;Praça Orquídeas;17020-393;;Brazil;São Paulo;Bauru;Bauru
17012205;Ok;R. Henrique Savi - Vila Nova Cidade Universitaria, Bauru - SP, 17012-205, Brazil;-22.3374308;-49.0538947;postal_code;APPROXIMATE;;Rua Henrique Savi;17012-205;;Brazil;São Paulo;Bauru;Bauru
17012205;Ok;R. Henrique Savi - Vila Nova Cidade Universitaria, Bauru - SP, 17012-205, Brazil;-22.3374308;-49.0538947;postal_code;APPROXIMATE;;Rua Henrique Savi;17012-205;;Brazil;São Paulo;Bauru;Bauru
17017383;Ok;Parque Jardim Europa, Bauru - State of São Paulo, 17017-383, Brazil;-22.3478221;-49.0543185;postal_code;APPROXIMATE;;;17017-383;;Brazil;São Paulo;Bauru;Bauru
17053810;Ok;Rua Seiju Ishikawa - Jardim Ferraz, Bauru - SP, 17053-810, Brazil;-22.3555416;-49.101078;postal_code;APPROXIMATE;;Rua Seiju Ishikawa;17053-810;;Brazil;São Paulo;Bauru;Bauru
17012432;Ok;Bauru, State of São Paulo, 17012-432, Brazil;-22.3290094;-49.0667956;postal_code;APPROXIMATE;;;17012-432;;Brazil;State of São Paulo;Bauru;Bauru
17015351;Ok;Rua Engenheiro Saint Martin - Centro, Bauru - SP, 17015-351, Brazil;-22.3283434;-49.0661245;postal_code;APPROXIMATE;;Rua Engenheiro Saint Martin;17015-351;;Brazil;São Paulo;Bauru;Bauru
17010210;Ok;Praça Washington Luiz - Centro, Bauru - SP, 17010-210, Brazil;-22.3145318;-49.0706433;postal_code;APPROXIMATE;;Praça Washington Luiz;17010-210;;Brazil;São Paulo;Bauru;Bauru
17014350;Ok;R. Alfredo Ruíz - Vila Mesquita, Bauru - SP, 17014-350, Brazil;-22.3350281;-49.0759021;postal_code;APPROXIMATE;;Rua Alfredo Ruíz;17014-350;;Brazil;São Paulo;Bauru;Bauru
17064020;Ok;Jardim Petropolis, Bauru - SP, 17064-020, Brazil;-22.3053583;-49.0819492;postal_code;APPROXIMATE;;;17064-020;;Brazil;São Paulo;Bauru;Bauru
17015172;Ok;R. Manoel Bento da Cruz - Centro, Bauru - SP, 17015-172, Brazil;-22.3284893;-49.0708878;postal_code;APPROXIMATE;;Rua Manoel Bento da Cruz;17015-172;;Brazil;São Paulo;Bauru;Bauru
17010020;Ok;R. Ezequiel Ramos - Centro, Bauru - SP, 17010-020, Brazil;-22.3206992;-49.0725598;postal_code;APPROXIMATE;;Rua Ezequiel Ramos;17010-020;;Brazil;São Paulo;Bauru;Bauru
17055260;Ok;Rua Ory Pinheiro Brisola - Vila Industrial, Bauru - SP, 17055-260, Brazil;-22.3326484;-49.1062287;postal_code;APPROXIMATE;;Rua Ory Pinheiro Brisola;17055-260;;Brazil;São Paulo;Bauru;Bauru
17025290;Ok;R. Triagem - Vila Nova Santa Luzia, Bauru - SP, 17025-290, Brazil;-22.3062306;-49.0550469;postal_code;APPROXIMATE;;Rua Triagem;17025-290;;Brazil;São Paulo;Bauru;Bauru
17022720;Ok;R. Maurícia Pereira Lima - Pousada da Esperança II, Bauru - SP, 17022-720, Brazil;-22.2709526;-49.0727182;postal_code;APPROXIMATE;;Rua Maurícia Pereira Lima;17022-720;;Brazil;São Paulo;Bauru;Bauru
17052601;Ok;R. Prof. José de Morães Pachêco - Vila Popular, Bauru - SP, 17052-601, Brazil;-22.3473052;-49.0965485;postal_code;APPROXIMATE;;Rua Professor José de Morães Pachêco;17052-601;;Brazil;São Paulo;Bauru;Bauru
17053460;Ok;R. Alcides Concuruto - Estância Balneária Águas Virtuosas, Bauru - SP, 17053-460, Brazil;-22.3969496;-49.0961593;postal_code;APPROXIMATE;;Rua Alcides Concuruto;17053-460;;Brazil;São Paulo;Bauru;Bauru
17056035;Ok;Jardim Vitoria, Bauru - SP, 17056-035, Brazil;-22.3568631;-49.1042922;postal_code;APPROXIMATE;;;17056-035;;Brazil;São Paulo;Bauru;Bauru
17010170;Ok;Centro, Bauru - State of São Paulo, 17010-170, Brazil;-22.3176749;-49.071215;postal_code;APPROXIMATE;;;17010-170;;Brazil;São Paulo;Bauru;Bauru
17017339;Ok;Jardim America, Bauru - State of São Paulo, 17017-339, Brazil;-22.3460951;-49.0560741;postal_code;APPROXIMATE;;;17017-339;;Brazil;São Paulo;Bauru;Bauru
17052000;Ok;Vila Independencia, Bauru - State of São Paulo, 17052-000, Brazil;-22.3321663;-49.086336;postal_code;APPROXIMATE;;;17052-000;;Brazil;São Paulo;Bauru;Bauru
17015351;Ok;Rua Engenheiro Saint Martin - Centro, Bauru - SP, 17015-351, Brazil;-22.3283434;-49.0661245;postal_code;APPROXIMATE;;Rua Engenheiro Saint Martin;17015-351;;Brazil;São Paulo;Bauru;Bauru
17021005;Ok;Av. Moussa Nakhl Tobias - Parque Sao Geraldo, Bauru - SP, 17021-005, Brazil;-22.3038196;-49.0716597;postal_code;APPROXIMATE;;Avenida Moussa Nakhl Tobias;17021-005;;Brazil;São Paulo;Bauru;Bauru
17053460;Ok;R. Alcides Concuruto - Estância Balneária Águas Virtuosas, Bauru - SP, 17053-460, Brazil;-22.3969496;-49.0961593;postal_code;APPROXIMATE;;Rua Alcides Concuruto;17053-460;;Brazil;São Paulo;Bauru;Bauru
17022340;Ok;R. dos Motoristas - Nucleo Res. Edison Bastos Gasparini, Bauru - SP, 17022-340, Brazil;-22.2771436;-49.0848194;postal_code;APPROXIMATE;;Rua dos Motoristas;17022-340;;Brazil;São Paulo;Bauru;Bauru
17017331;Ok;R. Dr. José Maria Rodrigues Costa - Jardim America, Bauru - SP, 17017-331, Brazil;-22.3474763;-49.0611164;postal_code;APPROXIMATE;;Rua Doutor José Maria Rodrigues Costa;17017-331;;Brazil;São Paulo;Bauru;Bauru
17021140;Ok;R. Francisco Medina Rúbio - Parque Res. Castelo, Bauru - SP, 17021-140, Brazil;-22.3035422;-49.0779673;postal_code;APPROXIMATE;;Rua Francisco Medina Rúbio;17021-140;;Brazil;São Paulo;Bauru;Bauru
17012180;Ok;R. Joaquim Fidélis - Vila Altinopolis, Bauru - SP, 17012-180, Brazil;-22.3306867;-49.0612719;postal_code;APPROXIMATE;;Rua Joaquim Fidélis;17012-180;;Brazil;São Paulo;Bauru;Bauru
17011139;Ok;R. Eduardo Vergueiro de Lorena - Jardim Panorama, Bauru - SP, 17011-139, Brazil;-22.3374174;-49.0492793;postal_code;APPROXIMATE;;Rua Eduardo Vergueiro de Lorena;17011-139;;Brazil;São Paulo;Bauru;Bauru
17032400;Ok;R. João Vitica - Jardim Bom Samaritano, Bauru - SP, 17032-400, Brazil;-22.3174074;-49.0341659;postal_code;APPROXIMATE;;Rua João Vitica;17032-400;;Brazil;São Paulo;Bauru;Bauru
17052320;Ok;Vila Giunta, Bauru - State of São Paulo, 17052-320, Brazil;-22.3330802;-49.0896853;postal_code;APPROXIMATE;;;17052-320;;Brazil;São Paulo;Bauru;Bauru
17056000;Ok;Bauru, State of São Paulo, 17056-000, Brazil;-22.3601918;-49.1061874;postal_code;APPROXIMATE;;;17056-000;;Brazil;State of São Paulo;Bauru;Bauru
17065208;Ok;R. Segundo Srg. José Mendes Leal - Jardim Nova Esperanca, Bauru - SP, 17065-208, Brazil;-22.3128686;-49.119843;postal_code;APPROXIMATE;;Rua Segundo Sargento José Mendes Leal;17065-208;;Brazil;São Paulo;Bauru;Bauru
17063462;Ok;R. Aniceto Abelha - Jardim Vania Maria, Bauru - SP, 17063-462, Brazil;-22.3108182;-49.0922957;postal_code;APPROXIMATE;;Rua Aniceto Abelha;17063-462;;Brazil;São Paulo;Bauru;Bauru
17018711;Ok;Av. Getúlio Vargas - Vila Aviação, Bauru - SP, 17018-711, Brazil;-22.356209;-49.0475783;postal_code;APPROXIMATE;;Avenida Getúlio Vargas;17018-711;;Brazil;São Paulo;Bauru;Bauru
17050160;Ok;R. Vital Brasil - Vila Martha, Bauru - SP, 17050-160, Brazil;-22.3241523;-49.0898012;postal_code;APPROXIMATE;;Rua Vital Brasil;17050-160;;Brazil;São Paulo;Bauru;Bauru
17015001;3 found, use single geocode.;Centro, Bauru - State of São Paulo, 17015-001, Brazil;-22.3235249;-49.0734276;postal_code;APPROXIMATE;;;17015-001;;Brazil;São Paulo;Bauru;Bauru
17016210;Ok;R. Rubens Pagani - Jardim Estoril IV, Bauru - SP, 17016-210, Brazil;-22.3378159;-49.0698733;postal_code;APPROXIMATE;;Rua Rubens Pagani;17016-210;;Brazil;São Paulo;Bauru;Bauru
17010011;Ok;R. Primeiro de Agosto - Centro, Bauru - SP, 17010-011, Brazil;-22.3215782;-49.0723004;postal_code;APPROXIMATE;;Rua Primeiro de Agosto;17010-011;;Brazil;São Paulo;Bauru;Bauru
17064290;Ok;R. Nelson Bonachela Gimenes - Nucleo Res. Alto Alegre, Bauru - SP, 17064-290, Brazil;-22.3022796;-49.0948716;postal_code;APPROXIMATE;;Rua Nelson Bonachela Gimenes;17064-290;;Brazil;São Paulo;Bauru;Bauru
17010010;Ok;R. Primeiro de Agosto - Centro, Bauru - SP, 17010-010, Brazil;-22.3215864;-49.0717674;postal_code;APPROXIMATE;;Rua Primeiro de Agosto;17010-010;;Brazil;São Paulo;Bauru;Bauru
17017000;Ok;Vila Guedes de Azevedo, Bauru - State of São Paulo, 17017-000, Brazil;-22.3370587;-49.0666378;postal_code;APPROXIMATE;;;17017-000;;Brazil;São Paulo;Bauru;Bauru
17051110;Ok;Vila Falcao, Bauru - State of São Paulo, 17051-110, Brazil;-22.3275603;-49.0935144;postal_code;APPROXIMATE;;;17051-110;;Brazil;São Paulo;Bauru;Bauru
17054161;Ok;R. Ângelo Ranieri - Jardim Terra Branca, Bauru - SP, 17054-161, Brazil;-22.3471311;-49.090159;postal_code;APPROXIMATE;;Rua Ângelo Ranieri;17054-161;;Brazil;São Paulo;Bauru;Bauru
17011066;Ok;Av. Duque de Caxias - Vila Cardia, Bauru - SP, 17011-066, Brazil;-22.3261773;-49.0575081;postal_code;APPROXIMATE;;Avenida Duque de Caxias;17011-066;;Brazil;São Paulo;Bauru;Bauru
17010010;Ok;R. Primeiro de Agosto - Centro, Bauru - SP, 17010-010, Brazil;-22.3215864;-49.0717674;postal_code;APPROXIMATE;;Rua Primeiro de Agosto;17010-010;;Brazil;São Paulo;Bauru;Bauru
17054661;Ok;R. Maj. Pedro Júlio de Oliveira - Jardim Solange, Bauru - SP, 17054-661, Brazil;-22.3521219;-49.0909895;postal_code;APPROXIMATE;;Rua Major Pedro Júlio de Oliveira;17054-661;;Brazil;São Paulo;Bauru;Bauru
17060290;Ok;Rua Casimiro de Abreu - Jardim Bela Vista, Bauru - SP, 17060-290, Brazil;-22.3217099;-49.0864707;postal_code;APPROXIMATE;;Rua Casimiro de Abreu;17060-290;;Brazil;São Paulo;Bauru;Bauru
17010200;Ok;Praça Rui Barbosa - Centro, Bauru - SP, 17010-200, Brazil;-22.3216443;-49.0707018;postal_code;APPROXIMATE;;Praça Rui Barbosa;17010-200;;Brazil;São Paulo;Bauru;Bauru
17051120;Ok;Rua Wenceslau Braz - Vila Souto, Bauru - SP, 17051-120, Brazil;-22.3321269;-49.0860539;postal_code;APPROXIMATE;;Rua Wenceslau Braz;17051-120;;Brazil;São Paulo;Bauru;Bauru
17015001;3 found, use single geocode.;Centro, Bauru - State of São Paulo, 17015-001, Brazil;-22.3235249;-49.0734276;postal_code;APPROXIMATE;;;17015-001;;Brazil;São Paulo;Bauru;Bauru
17012205;Ok;R. Henrique Savi - Vila Nova Cidade Universitaria, Bauru - SP, 17012-205, Brazil;-22.3374308;-49.0538947;postal_code;APPROXIMATE;;Rua Henrique Savi;17012-205;;Brazil;São Paulo;Bauru;Bauru
17012205;Ok;R. Henrique Savi - Vila Nova Cidade Universitaria, Bauru - SP, 17012-205, Brazil;-22.3374308;-49.0538947;postal_code;APPROXIMATE;;Rua Henrique Savi;17012-205;;Brazil;São Paulo;Bauru;Bauru
17018750;Ok;Bauru, State of São Paulo, 17018-750, Brazil;-22.3534552;-49.0522772;postal_code;APPROXIMATE;;;17018-750;;Brazil;State of São Paulo;Bauru;Bauru
17010230;Ok;R. Treze de Maio - Centro, Bauru - SP, 17010-230, Brazil;-22.3279649;-49.0726507;postal_code;APPROXIMATE;;Rua Treze de Maio;17010-230;;Brazil;São Paulo;Bauru;Bauru
17023370;Ok;Rua Carlos Eduardo Gomes - Jardim Ivone, Bauru - SP, 17023-370, Brazil;-22.2795879;-49.0625344;postal_code;APPROXIMATE;;Rua Carlos Eduardo Gomes;17023-370;;Brazil;São Paulo;Bauru;Bauru
